"itr","Root"
1,1.500000
2,1.250000
3,1.375000
4,1.312500
5,1.343750
6,1.359375
7,1.367188
8,1.363281
9,1.365234
10,1.364258
11,1.364746
12,1.364990
13,1.365112
14,1.365173
15,1.365204
16,1.365219
17,1.365227
18,1.365231
19,1.365229
20,1.365230
21,1.365230
22,1.365230
23,1.365230
24,1.365230
25,1.365230
26,1.365230
27,1.365230
28,1.365230
29,1.365230
30,1.365230
31,1.365230
