itr,Root
1,1
2,1.263158
3,1.338828
4,1.358546
5,1.363547
6,1.364807
7,1.365124
8,1.365203
9,1.365223
10,1.365228
11,1.36523
12,1.36523
13,1.36523
14,1.36523
15,1.36523
16,1.36523
17,1.36523
